{
    "_custom_": true, 
    "_ref_": 134266694, 
    "attach_models": [
        {
            "cast_shadow": true, 
            "material_alpha": 1, 
            "material_change": 0, 
            "material_color": [
                255, 
                255, 
                255
            ], 
            "material_color_intensity": 1, 
            "model": 202286, 
            "offset": {
                "__tuple__": true, 
                "items": [
                    -0.0064544677734375, 
                    0.16499567031860352, 
                    0.0103759765625
                ]
            }, 
            "receive_decal": false, 
            "rotate": {
                "__tuple__": true, 
                "items": [
                    0.0, 
                    0.0, 
                    0.0
                ]
            }, 
            "scale": {
                "__tuple__": true, 
                "items": [
                    2.58512544631958, 
                    0.6023092269897461, 
                    2.557838201522827
                ]
            }, 
            "use_physics": false
        }, 
        {
            "cast_shadow": true, 
            "material_alpha": 1, 
            "material_change": 0, 
            "material_color": [
                255, 
                255, 
                255
            ], 
            "material_color_intensity": 1, 
            "model": 202294, 
            "offset": {
                "__tuple__": true, 
                "items": [
                    0.0064544677734375, 
                    -0.16499567031860352, 
                    -0.0103759765625
                ]
            }, 
            "receive_decal": false, 
            "rotate": {
                "__tuple__": true, 
                "items": [
                    0.0, 
                    0.0, 
                    0.0
                ]
            }, 
            "scale": {
                "__tuple__": true, 
                "items": [
                    1.86543607711792, 
                    1.86543607711792, 
                    1.86543607711792
                ]
            }, 
            "use_physics": false
        }
    ], 
    "base_color_mod": 1, 
    "base_tint_color": {
        "__tuple__": true, 
        "items": [
            255, 
            255, 
            255, 
            0.5
        ]
    }, 
    "cast_shadow": true, 
    "collision_box": {
        "__tuple__": true, 
        "items": [
            [
                -5, 
                5
            ], 
            [
                -5, 
                -5
            ], 
            [
                5, 
                -5
            ], 
            [
                5, 
                5
            ]
        ]
    }, 
    "collision_height": {
        "__tuple__": true, 
        "items": []
    }, 
    "collision_points": {
        "__tuple__": true, 
        "items": [
            [
                -2, 
                -2
            ], 
            [
                1, 
                1
            ], 
            0
        ]
    }, 
    "description": -1125019169, 
    "effect_list": [], 
    "enable_camera_collision": 0, 
    "enable_occlusion_perspective": false, 
    "fresnel_color": {
        "__tuple__": true, 
        "items": [
            255, 
            255, 
            255, 
            0.5
        ]
    }, 
    "fresnel_emissive_color_strength": 1, 
    "fresnel_exp": 10, 
    "icon": 100000, 
    "key": 134266694, 
    "kv": {}, 
    "material_alpha": 0, 
    "material_change": 0, 
    "material_color": {
        "__tuple__": true, 
        "items": [
            255, 
            255, 
            255
        ]
    }, 
    "material_color_intensity": 0, 
    "model": 103014, 
    "model_opacity": 1, 
    "name": 586605999, 
    "receive_decal": false, 
    "scale": 1.0, 
    "suffix": "", 
    "tags": {
        "__tuple__": true, 
        "items": []
    }, 
    "uid": "134266694", 
    "use_base_tint_color": false, 
    "use_fresnel": 0, 
    "use_physics": false, 
    "use_virtual_light": 0
}