{
    "_custom_": true, 
    "_ref_": 134268184, 
    "attach_models": [
        {
            "cast_shadow": true, 
            "material_alpha": 1, 
            "material_change": 0, 
            "material_color": [
                255, 
                255, 
                255
            ], 
            "material_color_intensity": 1, 
            "model": 207062, 
            "offset": {
                "__tuple__": true, 
                "items": [
                    0.0996996561686192, 
                    -0.4045774439970655, 
                    -4.212349573771164
                ]
            }, 
            "receive_decal": false, 
            "rotate": {
                "__tuple__": true, 
                "items": [
                    21.504008244098344, 
                    -23.343020303143685, 
                    -20.606714915265563
                ]
            }, 
            "scale": {
                "__tuple__": true, 
                "items": [
                    2.3446414482343108, 
                    2.344641424424662, 
                    2.3446413853596786
                ]
            }, 
            "use_physics": false
        }, 
        {
            "cast_shadow": true, 
            "material_alpha": 1, 
            "material_change": 0, 
            "material_color": [
                255, 
                255, 
                255
            ], 
            "material_color_intensity": 1, 
            "model": 207062, 
            "offset": {
                "__tuple__": true, 
                "items": [
                    0.5232836405436192, 
                    -1.2673913935820265, 
                    -1.640068689982101
                ]
            }, 
            "receive_decal": false, 
            "rotate": {
                "__tuple__": true, 
                "items": [
                    30.202675101642534, 
                    -71.81305998106956, 
                    -30.05885387116088
                ]
            }, 
            "scale": {
                "__tuple__": true, 
                "items": [
                    2.344641409718017, 
                    2.3446414009867844, 
                    2.3446414790679904
                ]
            }, 
            "use_physics": false
        }, 
        {
            "cast_shadow": true, 
            "material_alpha": 1, 
            "material_change": 0, 
            "material_color": [
                255, 
                255, 
                255
            ], 
            "material_color_intensity": 1, 
            "model": 207062, 
            "offset": {
                "__tuple__": true, 
                "items": [
                    -0.2257703145345058, 
                    -0.4739725093046827, 
                    8.445792516072586
                ]
            }, 
            "receive_decal": false, 
            "rotate": {
                "__tuple__": true, 
                "items": [
                    15.244972425120258, 
                    111.76070388019309, 
                    -22.316312569862045
                ]
            }, 
            "scale": {
                "__tuple__": true, 
                "items": [
                    2.344641438496133, 
                    2.344641449779774, 
                    2.344641432082453
                ]
            }, 
            "use_physics": false
        }, 
        {
            "cast_shadow": true, 
            "material_alpha": 1, 
            "material_change": 0, 
            "material_color": [
                255, 
                255, 
                255
            ], 
            "material_color_intensity": 1, 
            "model": 207062, 
            "offset": {
                "__tuple__": true, 
                "items": [
                    0.0168291727701817, 
                    -2.2750489215056104, 
                    3.942572911580399
                ]
            }, 
            "receive_decal": false, 
            "rotate": {
                "__tuple__": true, 
                "items": [
                    12.40330532924882, 
                    -154.55114930372207, 
                    -23.719252216300813
                ]
            }, 
            "scale": {
                "__tuple__": true, 
                "items": [
                    2.344641476588987, 
                    2.344641484415177, 
                    3.0529725821850033
                ]
            }, 
            "use_physics": false
        }, 
        {
            "cast_shadow": true, 
            "material_alpha": 1, 
            "material_change": 0, 
            "material_color": [
                255, 
                255, 
                255
            ], 
            "material_color_intensity": 1, 
            "model": 207062, 
            "offset": {
                "__tuple__": true, 
                "items": [
                    0.4772478739420567, 
                    -0.46242542068163583, 
                    -9.578236262003585
                ]
            }, 
            "receive_decal": false, 
            "rotate": {
                "__tuple__": true, 
                "items": [
                    15.244973254708642, 
                    -154.21581683801176, 
                    -22.31631428218221
                ]
            }, 
            "scale": {
                "__tuple__": true, 
                "items": [
                    2.3446414653735688, 
                    2.344641488995752, 
                    3.052972532167833
                ]
            }, 
            "use_physics": false
        }, 
        {
            "cast_shadow": true, 
            "material_alpha": 1, 
            "material_change": 0, 
            "material_color": [
                255, 
                255, 
                255
            ], 
            "material_color_intensity": 1, 
            "model": 207062, 
            "offset": {
                "__tuple__": true, 
                "items": [
                    -0.0237286885579433, 
                    -0.5145775775114698, 
                    2.212874730428055
                ]
            }, 
            "receive_decal": false, 
            "rotate": {
                "__tuple__": true, 
                "items": [
                    18.178792420349943, 
                    102.73385595671672, 
                    -34.16534836404579
                ]
            }, 
            "scale": {
                "__tuple__": true, 
                "items": [
                    2.3446414799962803, 
                    2.3446415144783375, 
                    2.344641385695652
                ]
            }, 
            "use_physics": false
        }, 
        {
            "cast_shadow": true, 
            "material_alpha": 1, 
            "material_change": 0, 
            "material_color": [
                255, 
                255, 
                255
            ], 
            "material_color_intensity": 1, 
            "model": 207062, 
            "offset": {
                "__tuple__": true, 
                "items": [
                    -0.0426648457845058, 
                    1.3875773449738817, 
                    -7.245510737101242
                ]
            }, 
            "receive_decal": false, 
            "rotate": {
                "__tuple__": true, 
                "items": [
                    15.244970401273719, 
                    129.82651181106513, 
                    -22.316310999681704
                ]
            }, 
            "scale": {
                "__tuple__": true, 
                "items": [
                    2.3446414339889694, 
                    2.344641402867909, 
                    2.3446414748862208
                ]
            }, 
            "use_physics": false
        }, 
        {
            "cast_shadow": true, 
            "material_alpha": 1, 
            "material_change": 0,